id,D1_eq_px,D2_feret_max_px,D3_feret_min_px
1,704.9308965824293,746.309814453125,679.8025512695312
